{
  "IcoMoonType": "selection",
  "icons": [
    {
      "icon": {
        "paths": [
          "M148.211 512h538.947",
          "M485.053 229.053l282.947 282.947-282.947 282.947"
        ],
        "attrs": [
          {
            "fill": "none",
            "strokeLinejoin": "round",
            "strokeLinecap": "round",
            "strokeMiterlimit": "4",
            "strokeWidth": 70.06315789473685
          },
          {
            "fill": "none",
            "strokeLinejoin": "round",
            "strokeLinecap": "round",
            "strokeMiterlimit": "4",
            "strokeWidth": 70.06315789473685
          }
        ],
        "width": 970,
        "grid": 0,
        "tags": [
          "arrow-right"
        ]
      },
      "attrs": [
        {
          "fill": "none",
          "strokeLinejoin": "round",
          "strokeLinecap": "round",
          "strokeMiterlimit": "4",
          "strokeWidth": 70.06315789473685
        },
        {
          "fill": "none",
          "strokeLinejoin": "round",
          "strokeLinecap": "round",
          "strokeMiterlimit": "4",
          "strokeWidth": 70.06315789473685
        }
      ],
      "properties": {
        "order": 2,
        "id": 16,
        "name": "arrow-right",
        "prevSize": 32
      },
      "setIdx": 0,
      "setId": 4,
      "iconIdx": 0
    },
    {
      "icon": {
        "paths": [
          "M731.429 390.095l-243.81 243.81-243.81-243.81"
        ],
        "attrs": [
          {
            "fill": "none",
            "strokeLinejoin": "round",
            "strokeLinecap": "round",
            "strokeMiterlimit": "4",
            "strokeWidth": 97.52380952380952
          }
        ],
        "width": 975,
        "grid": 0,
        "tags": [
          "chevron-down"
        ]
      },
      "attrs": [
        {
          "fill": "none",
          "strokeLinejoin": "round",
          "strokeLinecap": "round",
          "strokeMiterlimit": "4",
          "strokeWidth": 97.52380952380952
        }
      ],
      "properties": {
        "order": 3,
        "id": 15,
        "name": "chevron-down",
        "prevSize": 32
      },
      "setIdx": 0,
      "setId": 4,
      "iconIdx": 1
    },
    {
      "icon": {
        "paths": [
          "M511.998 938.67c235.64 0 426.667-191.027 426.667-426.67 0-235.64-191.027-426.665-426.667-426.665-235.641 0-426.666 191.025-426.666 426.665 0 235.643 191.025 426.67 426.666 426.67z",
          "M512 256v256l170.665 85.335"
        ],
        "attrs": [
          {
            "fill": "none",
            "strokeLinejoin": "round",
            "strokeLinecap": "round",
            "strokeMiterlimit": "4",
            "strokeWidth": 92.16000000000001
          },
          {
            "fill": "none",
            "strokeLinejoin": "round",
            "strokeLinecap": "round",
            "strokeMiterlimit": "4",
            "strokeWidth": 92.16000000000001
          }
        ],
        "grid": 0,
        "tags": [
          "clock"
        ]
      },
      "attrs": [
        {
          "fill": "none",
          "strokeLinejoin": "round",
          "strokeLinecap": "round",
          "strokeMiterlimit": "4",
          "strokeWidth": 92.16000000000001
        },
        {
          "fill": "none",
          "strokeLinejoin": "round",
          "strokeLinecap": "round",
          "strokeMiterlimit": "4",
          "strokeWidth": 92.16000000000001
        }
      ],
      "properties": {
        "order": 4,
        "id": 14,
        "name": "clock",
        "prevSize": 32
      },
      "setIdx": 0,
      "setId": 4,
      "iconIdx": 2
    },
    {
      "icon": {
        "paths": [
          "M975.238 514.945c0-270.905-218.341-490.564-487.619-490.564s-487.619 219.659-487.619 490.564c0 244.843 178.286 447.795 411.429 484.63v-342.782h-123.842v-141.848h123.842v-108.077c0-122.926 72.816-190.882 184.183-190.882 53.355 0 109.173 9.592 109.173 9.592v120.736h-61.518c-60.543 0-79.477 37.8-79.477 76.651v91.981h135.227l-21.597 141.848h-113.61v342.825c233.145-36.815 411.429-239.762 411.429-484.674z"
        ],
        "attrs": [],
        "width": 975,
        "grid": 0,
        "tags": [
          "facebook"
        ]
      },
      "attrs": [],
      "properties": {
        "order": 5,
        "id": 13,
        "name": "facebook",
        "prevSize": 32
      },
      "setIdx": 0,
      "setId": 4,
      "iconIdx": 3
    },
    {
      "icon": {
        "paths": [
          "M690.786 105.644c53.843 0.161 105.428 21.62 143.501 59.69 38.068 38.070 59.529 89.659 59.689 143.498v406.334c-0.161 53.843-21.621 105.428-59.689 143.501-38.073 38.068-89.659 59.529-143.501 59.689h-406.334c-53.839-0.161-105.428-21.621-143.498-59.689-38.071-38.073-59.53-89.659-59.69-143.501v-406.334c0.161-53.839 21.62-105.428 59.69-143.498s89.659-59.53 143.498-59.69h406.334zM690.786 24.381h-406.334c-156.452 0-284.452 128-284.452 284.452v406.334c0 156.453 128 284.453 284.452 284.453h406.334c156.453 0 284.453-128 284.453-284.453v-406.334c0-156.452-128-284.452-284.453-284.452z",
          "M751.738 308.916c-12.054 0-23.84-3.575-33.86-10.272-10.025-6.697-17.837-16.217-22.45-27.354s-5.822-23.393-3.472-35.217c2.355-11.823 8.158-22.684 16.681-31.209 8.528-8.524 19.388-14.329 31.212-16.681 11.82-2.352 24.079-1.144 35.216 3.469s20.656 12.426 27.355 22.449c6.695 10.023 10.269 21.808 10.269 33.864 0.020 8.009-1.546 15.943-4.603 23.346s-7.548 14.129-13.21 19.792c-5.666 5.663-12.39 10.152-19.792 13.209s-15.336 4.622-23.347 4.605zM487.619 349.537c32.149 0 63.576 9.533 90.307 27.394s47.562 43.247 59.865 72.949c12.303 29.702 15.526 62.384 9.25 93.918-6.271 31.529-21.753 60.494-44.485 83.222-22.733 22.733-51.692 38.215-83.227 44.485-31.529 6.276-64.212 3.057-93.914-9.245s-55.088-33.139-72.949-59.87c-17.861-26.731-27.394-58.158-27.394-90.307 0.046-43.095 17.186-84.413 47.66-114.886s71.791-47.614 114.887-47.66zM487.619 268.274c-48.221 0-95.359 14.299-135.453 41.089s-71.344 64.868-89.797 109.418c-18.453 44.55-23.281 93.574-13.874 140.868s32.628 90.736 66.725 124.835c34.097 34.094 77.54 57.315 124.834 66.721 47.295 9.411 96.317 4.584 140.866-13.873 44.549-18.452 82.627-49.703 109.422-89.795 26.79-40.097 41.087-87.235 41.087-135.456 0-64.661-25.688-126.675-71.412-172.398-45.719-45.723-107.735-71.41-172.398-71.41z"
        ],
        "attrs": [],
        "width": 975,
        "grid": 0,
        "tags": [
          "instagram"
        ]
      },
      "attrs": [],
      "properties": {
        "order": 6,
        "id": 12,
        "name": "instagram",
        "prevSize": 32
      },
      "setIdx": 0,
      "setId": 4,
      "iconIdx": 4
    },
    {
      "icon": {
        "paths": [
          "M696.32 471.040v-122.88c0-113.108-91.693-204.8-204.8-204.8s-204.8 91.692-204.8 204.8v122.88M319.488 880.64h344.064c68.821 0 103.227 0 129.516-13.394 23.122-11.78 41.918-30.577 53.699-53.699 13.394-26.288 13.394-60.695 13.394-129.516v-16.384c0-68.821 0-103.227-13.394-129.516-11.78-23.122-30.577-41.918-53.699-53.699-26.288-13.394-60.695-13.394-129.516-13.394h-344.064c-68.819 0-103.229 0-129.514 13.394-23.122 11.78-41.92 30.577-53.701 53.699-13.393 26.288-13.393 60.695-13.393 129.516v16.384c0 68.821 0 103.227 13.393 129.516 11.781 23.122 30.579 41.918 53.701 53.699 26.285 13.394 60.695 13.394 129.514 13.394z"
        ],
        "attrs": [
          {
            "fill": "none",
            "opacity": 0.8,
            "strokeLinejoin": "round",
            "strokeLinecap": "round",
            "strokeMiterlimit": "4",
            "strokeWidth": 81.92
          }
        ],
        "width": 983,
        "grid": 0,
        "tags": [
          "lock-02"
        ]
      },
      "attrs": [
        {
          "fill": "none",
          "opacity": 0.8,
          "strokeLinejoin": "round",
          "strokeLinecap": "round",
          "strokeMiterlimit": "4",
          "strokeWidth": 81.92
        }
      ],
      "properties": {
        "order": 7,
        "id": 11,
        "name": "lock-02",
        "prevSize": 32
      },
      "setIdx": 0,
      "setId": 4,
      "iconIdx": 5
    },
    {
      "icon": {
        "paths": [
          "M102.432 105.891v186.149c0 53.15 23.191 100.21 59.147 130.665 17.581 14.895 29.198 35.002 29.198 57.321v310.723c0 34.544 29.684 62.58 66.259 62.58s66.26-28.037 66.26-62.58v-310.723c0-22.319 11.615-42.426 29.198-57.321 35.956-30.455 59.145-77.514 59.145-130.665v0",
          "M257.001 310.986v-208.594",
          "M853.341 146.277c0-23.029-19.791-41.719-44.174-41.719h-44.172c-73.195 0-132.517 56.029-132.517 125.157v250.315c0 54.4 36.971 100.25 88.343 117.481v193.243c0 34.541 29.684 62.578 66.26 62.578s66.26-28.037 66.26-62.578v-644.477z"
        ],
        "attrs": [
          {
            "fill": "none",
            "strokeLinejoin": "round",
            "strokeLinecap": "round",
            "strokeMiterlimit": "4",
            "strokeWidth": 69.81818181818181
          },
          {
            "fill": "none",
            "strokeLinejoin": "round",
            "strokeLinecap": "round",
            "strokeMiterlimit": "4",
            "strokeWidth": 69.81818181818181
          },
          {
            "fill": "none",
            "strokeLinejoin": "round",
            "strokeLinecap": "round",
            "strokeMiterlimit": "4",
            "strokeWidth": 69.81818181818181
          }
        ],
        "grid": 0,
        "tags": [
          "logo"
        ]
      },
      "attrs": [
        {
          "fill": "none",
          "strokeLinejoin": "round",
          "strokeLinecap": "round",
          "strokeMiterlimit": "4",
          "strokeWidth": 69.81818181818181
        },
        {
          "fill": "none",
          "strokeLinejoin": "round",
          "strokeLinecap": "round",
          "strokeMiterlimit": "4",
          "strokeWidth": 69.81818181818181
        },
        {
          "fill": "none",
          "strokeLinejoin": "round",
          "strokeLinecap": "round",
          "strokeMiterlimit": "4",
          "strokeWidth": 69.81818181818181
        }
      ],
      "properties": {
        "order": 8,
        "id": 10,
        "name": "logo",
        "prevSize": 32
      },
      "setIdx": 0,
      "setId": 4,
      "iconIdx": 6
    },
    {
      "icon": {
        "paths": [
          "M81.92 307.2l334.434 234.103c27.083 18.96 40.624 28.439 55.353 32.109 13.009 3.244 26.616 3.244 39.625 0 14.729-3.67 28.271-13.148 55.353-32.109l334.434-234.103M278.528 839.68h425.984c68.821 0 103.227 0 129.516-13.394 23.122-11.78 41.918-30.577 53.699-53.699 13.394-26.288 13.394-60.695 13.394-129.516v-262.144c0-68.819 0-103.229-13.394-129.514-11.78-23.122-30.577-41.92-53.699-53.701-26.288-13.393-60.695-13.393-129.516-13.393h-425.984c-68.819 0-103.229 0-129.514 13.393-23.122 11.781-41.92 30.579-53.701 53.701-13.393 26.285-13.393 60.695-13.393 129.514v262.144c0 68.821 0 103.227 13.393 129.516 11.781 23.122 30.579 41.918 53.701 53.699 26.285 13.394 60.695 13.394 129.514 13.394z"
        ],
        "attrs": [
          {
            "fill": "none",
            "opacity": 0.8,
            "strokeLinejoin": "round",
            "strokeLinecap": "round",
            "strokeMiterlimit": "4",
            "strokeWidth": 81.92
          }
        ],
        "width": 983,
        "grid": 0,
        "tags": [
          "mail-01"
        ]
      },
      "attrs": [
        {
          "fill": "none",
          "opacity": 0.8,
          "strokeLinejoin": "round",
          "strokeLinecap": "round",
          "strokeMiterlimit": "4",
          "strokeWidth": 81.92
        }
      ],
      "properties": {
        "order": 9,
        "id": 9,
        "name": "mail-01",
        "prevSize": 32
      },
      "setIdx": 0,
      "setId": 4,
      "iconIdx": 7
    },
    {
      "icon": {
        "paths": [
          "M160.015 512h704.004"
        ],
        "attrs": [
          {
            "fill": "none",
            "strokeLinejoin": "round",
            "strokeLinecap": "round",
            "strokeMiterlimit": "4",
            "strokeWidth": 96
          }
        ],
        "grid": 0,
        "tags": [
          "Minus"
        ]
      },
      "attrs": [
        {
          "fill": "none",
          "strokeLinejoin": "round",
          "strokeLinecap": "round",
          "strokeMiterlimit": "4",
          "strokeWidth": 96
        }
      ],
      "properties": {
        "order": 10,
        "id": 8,
        "name": "Minus",
        "prevSize": 32
      },
      "setIdx": 0,
      "setId": 4,
      "iconIdx": 8
    },
    {
      "icon": {
        "paths": [
          "M75.347 817.634c2.767-24.907 4.151-37.364 7.919-49.001 3.343-10.33 8.067-20.155 14.042-29.22 6.736-10.21 15.596-19.070 33.316-36.792l619.799-619.798c52.67-52.673 138.071-52.673 190.747 0v0c52.67 52.673 52.67 138.073 0 190.745l-619.801 619.799c-17.72 17.715-26.58 26.576-36.794 33.316-9.062 5.975-18.89 10.698-29.217 14.041-11.64 3.765-24.094 5.15-49 7.921l-147.388 16.372 16.377-147.384z"
        ],
        "attrs": [
          {
            "fill": "none",
            "strokeLinejoin": "round",
            "strokeLinecap": "round",
            "strokeMiterlimit": "4",
            "strokeWidth": 78.30588235294118
          }
        ],
        "grid": 0,
        "tags": [
          "pencil"
        ]
      },
      "attrs": [
        {
          "fill": "none",
          "strokeLinejoin": "round",
          "strokeLinecap": "round",
          "strokeMiterlimit": "4",
          "strokeWidth": 78.30588235294118
        }
      ],
      "properties": {
        "order": 11,
        "id": 7,
        "name": "pencil",
        "prevSize": 32
      },
      "setIdx": 0,
      "setId": 4,
      "iconIdx": 9
    },
    {
      "icon": {
        "paths": [
          "M160.015 512h704.004",
          "M512.015 160v704"
        ],
        "attrs": [
          {
            "fill": "none",
            "strokeLinejoin": "round",
            "strokeLinecap": "round",
            "strokeMiterlimit": "4",
            "strokeWidth": 96
          },
          {
            "fill": "none",
            "strokeLinejoin": "round",
            "strokeLinecap": "round",
            "strokeMiterlimit": "4",
            "strokeWidth": 96
          }
        ],
        "grid": 0,
        "tags": [
          "plus"
        ]
      },
      "attrs": [
        {
          "fill": "none",
          "strokeLinejoin": "round",
          "strokeLinecap": "round",
          "strokeMiterlimit": "4",
          "strokeWidth": 96
        },
        {
          "fill": "none",
          "strokeLinejoin": "round",
          "strokeLinecap": "round",
          "strokeMiterlimit": "4",
          "strokeWidth": 96
        }
      ],
      "properties": {
        "order": 12,
        "id": 6,
        "name": "plus",
        "prevSize": 32
      },
      "setIdx": 0,
      "setId": 4,
      "iconIdx": 10
    },
    {
      "icon": {
        "paths": [
          "M469.333 810.667c188.514 0 341.333-152.819 341.333-341.333s-152.819-341.333-341.333-341.333c-188.513 0-341.333 152.82-341.333 341.333s152.82 341.333 341.333 341.333z",
          "M895.996 896l-185.6-185.6"
        ],
        "attrs": [
          {
            "fill": "none",
            "strokeLinejoin": "round",
            "strokeLinecap": "round",
            "strokeMiterlimit": "4",
            "strokeWidth": 85.33333333333333
          },
          {
            "fill": "none",
            "strokeLinejoin": "round",
            "strokeLinecap": "round",
            "strokeMiterlimit": "4",
            "strokeWidth": 85.33333333333333
          }
        ],
        "grid": 0,
        "tags": [
          "search"
        ]
      },
      "attrs": [
        {
          "fill": "none",
          "strokeLinejoin": "round",
          "strokeLinecap": "round",
          "strokeMiterlimit": "4",
          "strokeWidth": 85.33333333333333
        },
        {
          "fill": "none",
          "strokeLinejoin": "round",
          "strokeLinecap": "round",
          "strokeMiterlimit": "4",
          "strokeWidth": 85.33333333333333
        }
      ],
      "properties": {
        "order": 13,
        "id": 5,
        "name": "search",
        "prevSize": 32
      },
      "setIdx": 0,
      "setId": 4,
      "iconIdx": 11
    },
    {
      "icon": {
        "paths": [
          "M651.636 232.727v-37.236c0-52.136 0-78.204-10.147-98.117-8.923-17.516-23.166-31.757-40.681-40.682-19.912-10.146-45.982-10.146-98.118-10.146h-74.473c-52.136 0-78.204 0-98.117 10.146-17.516 8.925-31.757 23.166-40.682 40.682-10.146 19.913-10.146 45.981-10.146 98.117v37.236M372.364 488.727v232.727M558.545 488.727v232.727M46.545 232.727h837.818M791.273 232.727v521.309c0 78.206 0 117.304-15.22 147.177-13.386 26.275-34.746 47.635-61.021 61.021-29.873 15.22-68.971 15.22-147.177 15.22h-204.8c-78.204 0-117.306 0-147.175-15.22-26.274-13.386-47.636-34.746-61.023-61.021-15.219-29.873-15.219-68.971-15.219-147.177v-521.309"
        ],
        "attrs": [
          {
            "fill": "none",
            "strokeLinejoin": "round",
            "strokeLinecap": "round",
            "strokeMiterlimit": "4",
            "strokeWidth": 93.0909090909091
          }
        ],
        "width": 931,
        "grid": 0,
        "tags": [
          "trash_can"
        ]
      },
      "attrs": [
        {
          "fill": "none",
          "strokeLinejoin": "round",
          "strokeLinecap": "round",
          "strokeMiterlimit": "4",
          "strokeWidth": 93.0909090909091
        }
      ],
      "properties": {
        "order": 14,
        "id": 4,
        "name": "trash_can",
        "prevSize": 32
      },
      "setIdx": 0,
      "setId": 4,
      "iconIdx": 12
    },
    {
      "icon": {
        "paths": [
          "M1204.706 144.314c-45.189 19.636-93.003 32.572-141.926 38.4 51.417-30.108 90.082-77.94 108.749-134.525-48.616 28.426-101.713 48.37-157.015 58.98-23.287-24.407-51.296-43.824-82.324-57.069s-64.422-20.044-98.153-19.982c-136.584 0-247.118 108.925-247.118 243.199-0.097 18.677 2.043 37.299 6.375 55.466-97.94-4.591-193.844-29.576-281.575-73.355s-165.358-105.389-227.915-180.888c-21.946 36.998-33.553 79.211-33.606 122.227 0 84.329 43.997 158.871 110.432 202.541-39.361-0.934-77.915-11.351-112.389-30.368v3.012c0 117.961 85.333 216.094 198.275 238.43-21.238 5.662-43.124 8.529-65.104 8.535-15.597 0.024-31.158-1.488-46.456-4.518 31.398 96.623 122.779 166.9 231.027 168.906-87.959 67.789-195.95 104.43-306.999 104.159-19.712-0.030-39.405-1.205-58.98-3.512 112.971 72.138 244.29 110.291 378.328 109.929 455.178 0 703.848-370.7 703.848-692.204 0-10.541-0.271-21.082-0.777-31.373 48.267-34.332 90.022-76.998 123.308-125.992z"
        ],
        "attrs": [],
        "width": 1205,
        "grid": 0,
        "tags": [
          "twitter"
        ]
      },
      "attrs": [],
      "properties": {
        "order": 15,
        "id": 3,
        "name": "twitter",
        "prevSize": 32
      },
      "setIdx": 0,
      "setId": 4,
      "iconIdx": 13
    },
    {
      "icon": {
        "paths": [
          "M819.2 880.64c0-57.164 0-85.742-7.053-108.999-15.884-52.363-56.865-93.344-109.228-109.228-23.257-7.053-51.835-7.053-108.999-7.053h-204.8c-57.162 0-85.744 0-109 7.053-52.364 15.884-93.34 56.865-109.225 109.228-7.055 23.257-7.055 51.835-7.055 108.999M675.84 327.68c0 101.798-82.522 184.32-184.32 184.32s-184.32-82.522-184.32-184.32c0-101.797 82.523-184.32 184.32-184.32s184.32 82.523 184.32 184.32z"
        ],
        "attrs": [
          {
            "fill": "none",
            "opacity": 0.8,
            "strokeLinejoin": "round",
            "strokeLinecap": "round",
            "strokeMiterlimit": "4",
            "strokeWidth": 81.92
          }
        ],
        "width": 983,
        "grid": 0,
        "tags": [
          "user-01"
        ]
      },
      "attrs": [
        {
          "fill": "none",
          "opacity": 0.8,
          "strokeLinejoin": "round",
          "strokeLinecap": "round",
          "strokeMiterlimit": "4",
          "strokeWidth": 81.92
        }
      ],
      "properties": {
        "order": 16,
        "id": 2,
        "name": "user-01",
        "prevSize": 32
      },
      "setIdx": 0,
      "setId": 4,
      "iconIdx": 14
    },
    {
      "icon": {
        "paths": [
          "M761.905 237.714l-548.571 548.571",
          "M761.905 786.286l-548.571-548.571"
        ],
        "attrs": [
          {
            "fill": "none",
            "strokeLinejoin": "round",
            "strokeLinecap": "round",
            "strokeMiterlimit": "4",
            "strokeWidth": 73.14285714285714
          },
          {
            "fill": "none",
            "strokeLinejoin": "round",
            "strokeLinecap": "round",
            "strokeMiterlimit": "4",
            "strokeWidth": 73.14285714285714
          }
        ],
        "width": 975,
        "grid": 0,
        "tags": [
          "X"
        ]
      },
      "attrs": [
        {
          "fill": "none",
          "strokeLinejoin": "round",
          "strokeLinecap": "round",
          "strokeMiterlimit": "4",
          "strokeWidth": 73.14285714285714
        },
        {
          "fill": "none",
          "strokeLinejoin": "round",
          "strokeLinecap": "round",
          "strokeMiterlimit": "4",
          "strokeWidth": 73.14285714285714
        }
      ],
      "properties": {
        "order": 17,
        "id": 1,
        "name": "X",
        "prevSize": 32
      },
      "setIdx": 0,
      "setId": 4,
      "iconIdx": 15
    },
    {
      "icon": {
        "paths": [
          "M1356.561 226.101c0-119.997-88.276-216.528-197.359-216.528-147.75-6.906-298.435-9.573-452.431-9.573h-48.006c-153.619 0-304.572 2.667-452.323 9.6-108.814 0-197.092 97.064-197.092 217.061-6.668 94.904-9.495 189.835-9.335 284.766-0.267 94.931 2.756 189.953 9.068 285.062 0 119.992 88.278 217.327 197.092 217.327 155.219 7.195 314.44 10.397 476.327 10.131 162.154 0.532 320.929-2.847 476.325-10.131 109.083 0 197.359-97.335 197.359-217.327 6.403-95.198 9.339-190.131 9.073-285.328 0.601-94.931-2.294-189.951-8.697-285.059zM552.086 773.018v-523.984l386.717 261.859-386.717 262.125z"
        ],
        "attrs": [],
        "width": 1365,
        "grid": 0,
        "tags": [
          "youtube"
        ]
      },
      "attrs": [],
      "properties": {
        "order": 18,
        "id": 0,
        "name": "youtube",
        "prevSize": 32
      },
      "setIdx": 0,
      "setId": 4,
      "iconIdx": 16
    }
  ],
  "height": 1024,
  "preferences": {
    "showGlyphs": true,
    "showQuickUse": true,
    "showQuickUse2": true,
    "showSVGs": true,
    "fontPref": {
      "prefix": "icon-",
      "metadata": {
        "fontFamily": "icomoon"
      },
      "metrics": {
        "emSize": 1024,
        "baseline": 6.25,
        "whitespace": 50
      },
      "embed": false
    },
    "imagePref": {
      "prefix": "icon-",
      "png": true,
      "useClassSelector": true,
      "color": 0,
      "bgColor": 16777215,
      "classSelector": ".icon",
      "name": "icomoon"
    },
    "historySize": 50,
    "showCodes": true,
    "gridSize": 16
  }
}